<?xml version="1.0" encoding="UTF-8" ?>
<document>
<!--The data in this file is primarily intended for consumption by Xilinx tools.
The structure and the elements are likely to change over the next few releases.
This means code written to parse this file will need to be revisited each subsequent release.-->
<application name="pn" timeStamp="Sun Dec 22 15:31:57 2024">
<section name="Project Information" visible="false">
<property name="ProjectID" value="A34F51E43B792AAF0FCD45A40C6784BE" type="project"/>
<property name="ProjectIteration" value="2" type="project"/>
<property name="ProjectFile" value="/home/rmurphy/Mesa/omdazz/7c81/FALLBACK_OMD_7C81_SPI/FALLBACK_OMD_7C81_SPI.xise" type="project"/>
<property name="ProjectCreationTimestamp" value="2023-11-29T11:32:40" type="project"/>
</section>
<section name="Project Statistics" visible="true">
<property name="PROPEXT_xilxMapPackRegInto_spartan6" value="For Inputs and Outputs" type="process"/>
<property name="PROP_Enable_Message_Filtering" value="false" type="design"/>
<property name="PROP_FitterReportFormat" value="HTML" type="process"/>
<property name="PROP_LastAppliedGoal" value="Timing Performance" type="design"/>
<property name="PROP_LastAppliedStrategy" value="Performance with IOB Packing;/opt/Xilinx/14.7/ISE_DS/ISE/spartan6/data/spartan6_performance_with_iobpacking.xds" type="design"/>
<property name="PROP_ManualCompileOrderImp" value="false" type="design"/>
<property name="PROP_PropSpecInProjFile" value="Store all values" type="design"/>
<property name="PROP_Simulator" value="ISim (VHDL/Verilog)" type="design"/>
<property name="PROP_SynthOptEffort_spartan6" value="High" type="process"/>
<property name="PROP_SynthTopFile" value="changed" type="process"/>
<property name="PROP_Top_Level_Module_Type" value="HDL" type="design"/>
<property name="PROP_UseSmartGuide" value="false" type="design"/>
<property name="PROP_UserBrowsedStrategyFiles" value="/opt/Xilinx/14.7/ISE_DS/ISE/data/default.xds" type="process"/>
<property name="PROP_UserConstraintEditorPreference" value="Text Editor" type="process"/>
<property name="PROP_intProjectCreationTimestamp" value="2023-11-29T11:32:40" type="design"/>
<property name="PROP_intWbtProjectID" value="A34F51E43B792AAF0FCD45A40C6784BE" type="design"/>
<property name="PROP_intWbtProjectIteration" value="2" type="process"/>
<property name="PROP_intWorkingDirLocWRTProjDir" value="UnderProjDir" type="design"/>
<property name="PROP_intWorkingDirUsed" value="Yes" type="design"/>
<property name="PROP_lockPinsUcfFile" value="changed" type="process"/>
<property name="PROP_xilxSynthRegBalancing" value="Yes" type="process"/>
<property name="PROP_xstPackIORegister" value="Yes" type="process"/>
<property name="PROP_AutoTop" value="true" type="design"/>
<property name="PROP_DevFamily" value="Spartan6" type="design"/>
<property name="PROP_MapExtraEffort_spartan6" value="Normal" type="process"/>
<property name="PROPEXT_xilxPARextraEffortLevel_spartan6" value="Normal" type="process"/>
<property name="PROP_DevDevice" value="xc6slx9" type="design"/>
<property name="PROP_DevFamilyPMName" value="spartan6" type="design"/>
<property name="PROP_DevPackage" value="tqg144" type="design"/>
<property name="PROP_Synthesis_Tool" value="XST (VHDL/Verilog)" type="design"/>
<property name="PROP_DevSpeed" value="-2" type="design"/>
<property name="PROP_PreferredLanguage" value="VHDL" type="design"/>
<property name="FILE_UCF" value="1" type="source"/>
<property name="FILE_VHDL" value="103" type="source"/>
</section>
</application>
</document>
